"epoch","obj","obj_mds","obj_confr","p_z","p_0"
0,20.7667328686935,16.4620048805119,21.5236399409081,0.624,0.03
1,21.2430424460615,6.04985931822445,75.9659156391851,0.487,0.03
2,19.4285404167631,5.56576092244357,69.3138974715977,0.343,0.03
3,16.9188379065964,5.37678037865483,57.7102876397078,0.214,0.03
4,14.0005798249128,5.2912538664908,43.5466297921099,0.145,0.03
5,8.03985462200728,5.24466395433655,13.9759533383536,0.083,0.03
6,5.83234685029854,5.21935045397326,3.06498198162642,0.037,0.03
