"epoch","obj","obj_mds","obj_confr","p_z","p_0"
0,52.4782047769879,33.8622899805828,46.5397869910128,0.541,0.008
1,103.522446491306,11.9801360177492,228.855776183891,0.271,0.008
2,68.1524202505585,11.2013928361408,142.377568536044,0.055,0.008
3,12.8064410089218,10.9511133359319,4.63831918247462,0.005,0.008
