"epoch","obj","obj_mds","obj_confr","p_z","p_0"
0,32.6400889173643,16.4620048805119,20.2226050460656,0.621,0.044
1,54.8583456843251,6.13521515772603,60.9039131582488,0.292,0.044
2,17.0715561380634,5.65538064844333,14.2702193620251,0.024,0.044
