"epoch","obj","obj_mds","obj_confr","p_z","p_0"
0,206.945802584562,185.177663868273,145.120924775259,0.552,0.049
1,153.02757994817,67.0373501654964,573.26819855116,0.414,0.049
2,146.178270692927,61.5048935913712,564.489180677036,0.3,0.049
3,125.402585338582,59.2166701059081,441.239434884493,0.213,0.049
4,95.0270503589372,57.9691437554829,247.052710689695,0.129,0.049
5,64.2489930190822,57.1731952708821,47.1719849880002,0.073,0.049
6,76.6027423432178,56.6086904776654,133.293679103682,0.046,0.049
