"epoch","obj","obj_mds","obj_confr","p_z","p_0"
0,232.118010247987,185.177663868273,156.467821265714,0.549,0.056
1,250.051656937719,67.0447147177533,610.023140733219,0.382,0.056
2,165.279069948202,61.5092262544475,345.899478979181,0.176,0.056
3,63.4655019093992,59.2295983236572,14.1196786191399,0.068,0.056
