"epoch","obj","obj_mds","obj_confr","p_z","p_0"
0,154.624198046487,74.2297147841154,80.3944832623721,0.874,0.04
1,367.170441270708,25.010182507526,342.160258763182,0.602,0.04
2,155.421867278063,23.6232297264195,131.798637551644,0.101,0.04
3,737.055687264972,23.3558738602473,713.699813404725,0,0.04
