"epoch","obj","obj_mds","obj_confr","p_z","p_0"
0,23.8940508358363,16.4620048805119,18.580114888311,0.603,0.037
1,33.0465578211073,6.06608413915942,67.4511842048698,0.382,0.037
2,28.5546860695604,5.5905827450706,57.4102583112244,0.167,0.037
3,8.60758804588847,5.43710342674645,7.92621154785505,0.041,0.037
