"epoch","obj","obj_mds","obj_confr","p_z","p_0"
0,136.0895284693,74.2297147841154,68.7331263168715,0.877,0.028
1,340.375534958553,24.9832047980467,350.435922400562,0.589,0.028
2,159.300641894645,23.6135268599173,150.763461149697,0.112,0.028
3,424.059961560169,23.2868771941335,445.303427073372,0.002,0.028
