"epoch","obj","obj_mds","obj_confr","p_z","p_0"
0,31.0244378714249,16.4620048805119,22.4037430629431,0.618,0.028
1,44.4987337639584,6.11935465964095,59.0451986220268,0.354,0.028
2,11.6595366804496,5.62821548776989,9.27895568104578,0.057,0.028
3,86.7445039869704,5.5333695022177,124.94020689962,0.002,0.028
