"epoch","obj","obj_mds","obj_confr","p_z","p_0"
0,63.6193222692172,33.8622899805828,45.7800496748222,0.491,0.011
1,109.061927205662,12.0036157037062,149.320479233778,0.208,0.011
2,70.4957601225622,11.2355183460863,91.1696027330398,0.008,0.011
