"epoch","obj","obj_mds","obj_confr","p_z","p_0"
0,223.388462621336,185.177663868273,152.843195012254,0.555,0.059
1,219.056987630302,67.0420937917003,608.059575354405,0.368,0.059
2,150.846052921553,61.5072453501606,357.35523028557,0.231,0.059
3,107.541520300754,59.2227571731315,193.275052510488,0.097,0.059
4,90.7034151379108,57.9951297151933,130.83314169087,0.036,0.059
