"epoch","obj","obj_mds","obj_confr","p_z","p_0"
0,77.3119083807185,33.8622899805828,54.3120230001696,0.522,0.007
1,155.545062631285,12.046328502606,179.373417660849,0.165,0.007
2,59.0573936805544,11.2918119356232,59.7069771811641,0.003,0.007
