"epoch","obj","obj_mds","obj_confr","p_z","p_0"
0,125.776985958963,74.2297147841154,79.3034941151497,0.882,0.024
1,272.198877317793,24.9693014491835,380.353193644014,0.637,0.024
2,159.3675785692,23.5956191923505,208.879937502846,0.237,0.024
3,80.2986326102914,23.1712553776474,87.8882726656062,0.021,0.024
