"epoch","obj","obj_mds","obj_confr","p_z","p_0"
0,32.6595713130926,16.4620048805119,19.0559605089185,0.604,0.033
1,60.0263624232265,6.13580133170069,63.4006601076774,0.269,0.033
2,35.8375620772716,5.66700102901728,35.4947777038286,0.016,0.033
