"epoch","obj","obj_mds","obj_confr","p_z","p_0"
0,200.380968254679,185.177663868273,152.033043864062,0.537,0.073
1,131.13776027816,67.0355491065666,641.022111715932,0.404,0.073
2,113.87833806486,61.5046156963501,523.737223685103,0.385,0.073
3,104.106408285097,59.2162527843354,448.901555007616,0.272,0.073
4,95.324550733342,57.9647846864923,373.597660468498,0.195,0.073
5,96.8223375618583,57.1632783533419,396.590592085165,0.186,0.073
6,78.7057134699851,56.5914828051958,221.142306647893,0.112,0.073
7,78.3520593592856,56.156758701646,221.953006576396,0.087,0.073
8,61.2783016795632,55.8061025811031,54.721990984601,0.073,0.073
