"epoch","obj","obj_mds","obj_confr","p_z","p_0"
0,49.4628876898867,33.8622899805828,62.4023908372156,0.537,0.006
1,76.6980210837232,11.9776852434602,258.881343361052,0.3,0.006
2,73.1422996843086,11.1915253614962,247.80309729125,0.141,0.006
3,34.0905480826107,10.8921980956708,92.7933999477597,0.028,0.006
4,28.9536843688162,10.7615348420924,72.7685981068949,0.008,0.006
