"epoch","obj","obj_mds","obj_confr","p_z","p_0"
0,115.329485578931,74.2297147841154,74.7268559905734,0.872,0.019
1,224.425157259635,24.9569981514679,362.669380196668,0.639,0.019
2,179.876361933475,23.5883660152677,284.15999257856,0.27,0.019
3,47.326441575438,23.1454892354729,43.9653678908456,0.049,0.019
4,206.27696948287,22.9762125870211,333.274103446998,0,0.019
