"epoch","obj","obj_mds","obj_confr","p_z","p_0"
0,84.2834717579499,33.8622899805828,56.0235353081858,0.494,0.003
1,158.783881653356,12.0722266246345,163.012950031913,0.174,0.003
2,85.5015669287649,11.3266625980973,82.4165603674085,0.002,0.003
