"epoch","obj","obj_mds","obj_confr","p_z","p_0"
0,243.106916780453,185.177663868273,165.512151177659,0.549,0.058
1,220.295723225721,67.0481079308665,437.850329413871,0.335,0.058
2,155.652880370953,61.510672433894,268.977736963025,0.13,0.058
3,81.8615686854047,59.239368762381,64.634856922925,0.038,0.058
