"epoch","obj","obj_mds","obj_confr","p_z","p_0"
0,22.4680696634357,16.4620048805119,20.0202159430793,0.612,0.037
1,30.20087107206,6.05798653254807,80.4762817983731,0.419,0.037
2,26.225538294844,5.57925294439429,68.8209511681655,0.251,0.037
3,14.0240644350273,5.40493541216777,28.7304300761984,0.093,0.037
4,7.81467143498943,5.33696058107979,8.2590361796988,0.031,0.037
