"epoch","obj","obj_mds","obj_confr","p_z","p_0"
0,69.1486104817567,33.8622899805828,58.8105341686233,0.51,0.011
1,143.896735510141,12.0208136901091,219.793203033386,0.223,0.011
2,81.1863430211319,11.2396584293264,116.577807653009,0.018,0.011
