"epoch","obj","obj_mds","obj_confr","p_z","p_0"
0,35.2161357997511,16.4620048805119,18.7541309192392,0.626,0.045
1,68.6964768091907,6.16222588195395,62.5342509272367,0.256,0.045
2,65.587000888474,5.69431575484666,59.8926851336273,0.008,0.045
