"epoch","obj","obj_mds","obj_confr","p_z","p_0"
0,35.3544780762003,16.4620048805119,20.9916368840983,0.616,0.043
1,66.134129070779,6.16287121103196,66.6347309552745,0.308,0.043
2,39.4632943602673,5.68131594898961,37.5355315680863,0.008,0.043
