"epoch","obj","obj_mds","obj_confr","p_z","p_0"
0,27.7070921268378,16.4620048805119,22.4901744926519,0.639,0.041
1,41.8235321438437,6.09151659548694,71.4640310967136,0.402,0.041
2,23.282532227677,5.60937950885148,35.3463054376511,0.129,0.041
3,27.0659030973232,5.46813441655124,43.195537361544,0.008,0.041
