"epoch","obj","obj_mds","obj_confr","p_z","p_0"
0,38.4126944986069,33.8622899805828,56.8800564753022,0.533,0.014
1,37.6054065998057,11.9655705736516,320.497950326926,0.377,0.014
2,31.9752706110825,11.1944095295308,259.760763519396,0.248,0.014
3,31.1811482624763,10.8773300593777,253.797727538732,0.174,0.014
4,25.10599982008,10.6994016574525,180.082477032844,0.141,0.014
5,22.5303722915413,10.5848583125655,149.318924737197,0.099,0.014
6,25.500529652344,10.5037778231045,187.459397865494,0.064,0.014
7,21.9777340249325,10.4415737117491,144.202003914793,0.051,0.014
8,28.8211097837339,10.394501337396,230.332605579224,0.032,0.014
