"epoch","obj","obj_mds","obj_confr","p_z","p_0"
0,44.3398918734171,33.8622899805828,69.8506792855622,0.476,0.006
1,53.7384717712691,11.9715619639407,278.446065382189,0.352,0.006
2,43.4226390268325,11.1913069575979,214.875547128231,0.168,0.006
3,42.8997090838105,10.8760647150986,213.490962458079,0.119,0.006
4,31.9713369157788,10.7102899099825,141.740313371976,0.049,0.006
5,20.5797829391629,10.616052856498,66.424867217766,0.023,0.006
6,12.1738828889995,10.5599568449782,10.7595069601421,0.016,0.006
