"epoch","obj","obj_mds","obj_confr","p_z","p_0"
0,291.014182470343,185.177663868273,162.825413233954,0.559,0.054
1,394.805262388365,67.0641481379514,504.21709884679,0.267,0.054
2,175.926326167046,61.5389192682171,175.980625998199,0.039,0.054
