"epoch","obj","obj_mds","obj_confr","p_z","p_0"
0,139.716253452483,74.2297147841154,68.933198598282,0.87,0.03
1,385.226607107167,24.9882931968048,379.198225168802,0.569,0.03
2,187.23841043258,23.6228639429067,172.226891041761,0.131,0.03
3,552.670670765974,23.3205374351708,557.210666664003,0,0.03
