"epoch","obj","obj_mds","obj_confr","p_z","p_0"
0,83.6360905888247,33.8622899805828,58.5574124802846,0.503,0.005
1,143.367334640087,12.0698871267921,154.467585309758,0.185,0.005
2,117.532348060541,11.3025189202686,124.976269576791,0,0.005
