"epoch","obj","obj_mds","obj_confr","p_z","p_0"
0,289.947853547513,185.177663868273,139.693586238986,0.545,0.06
1,352.000479956901,67.0640665908223,379.915217821438,0.268,0.06
2,355.616034047155,61.5522198944979,392.085085536876,0.017,0.06
