"epoch","obj","obj_mds","obj_confr","p_z","p_0"
0,90.4023772611522,74.2297147841154,80.8633123851841,0.877,0.045
1,100.166176616238,24.9329017671089,376.166374245647,0.67,0.045
2,86.0516586584569,23.5788882294584,312.363852144993,0.474,0.045
3,80.8184014385777,23.098497390068,288.599520242548,0.337,0.045
4,69.1325126106285,22.8229940704641,231.547592700822,0.2,0.045
5,47.8602416768573,22.6212642629401,126.194887069586,0.118,0.045
6,36.4820386135766,22.4630169106542,70.0951085146118,0.048,0.045
