"epoch","obj","obj_mds","obj_confr","p_z","p_0"
0,63.5415931222794,33.8622899805828,59.3586062833933,0.533,0.006
1,112.355127841353,12.0056561994209,200.698943283864,0.229,0.006
2,146.766629669675,11.2129400467364,271.107379245878,0.031,0.006
3,63.2927834128351,11.0501318905959,104.485303044478,0.001,0.006
