"epoch","obj","obj_mds","obj_confr","p_z","p_0"
0,30.7075407180696,16.4620048805119,18.9940477834103,0.584,0.032
1,49.2631177300256,6.11742227786171,57.5275939362185,0.311,0.032
2,12.2729216143172,5.64324993548687,8.83956223844049,0.038,0.032
