"epoch","obj","obj_mds","obj_confr","p_z","p_0"
0,98.5248129033656,33.8622899805828,64.6625229227828,0.544,0.006
1,197.482185597917,12.1337547399653,185.348430857952,0.138,0.006
2,202.043701901805,11.3863060133472,190.657395888458,0,0.006
