"epoch","obj","obj_mds","obj_confr","p_z","p_0"
0,255.946546599623,185.177663868273,141.5377654627,0.584,0.065
1,324.278696683082,67.0522637182055,514.452865929753,0.292,0.065
2,98.5049006938208,61.5221348460981,73.9655316954452,0.079,0.065
