"epoch","obj","obj_mds","obj_confr","p_z","p_0"
0,277.871527819618,185.177663868273,154.489773252242,0.564,0.067
1,375.291141140528,67.0596014518572,513.719232814451,0.277,0.067
2,107.146398588461,61.5326818463725,76.0228612368136,0.042,0.067
