"epoch","obj","obj_mds","obj_confr","p_z","p_0"
0,74.582732132371,33.8622899805828,58.1720602168403,0.499,0.011
1,192.168789510468,12.0375489741003,257.330343623383,0.188,0.011
2,25.8283322178265,11.2845241354357,20.7768686891296,0.007,0.011
