"epoch","obj","obj_mds","obj_confr","p_z","p_0"
0,35.7829959069018,16.4620048805119,20.3378852909368,0.624,0.034
1,62.7674734434391,6.16776188233153,59.5786437485343,0.253,0.034
2,49.0728490659973,5.68143702073687,45.6751705739583,0.008,0.034
