"epoch","obj","obj_mds","obj_confr","p_z","p_0"
0,124.201756778334,74.2297147841154,62.4650524927739,0.877,0.026
1,326.92802994342,24.9678317855464,377.450247697341,0.602,0.026
2,176.084667792393,23.6071595851935,190.596885259,0.175,0.026
3,241.35382087093,23.2317144054423,272.65263308186,0.004,0.026
