"epoch","obj","obj_mds","obj_confr","p_z","p_0"
0,66.8529536758284,33.8622899805828,73.3125859894348,0.517,0.005
1,134.864643788201,12.0161284323638,272.996700790748,0.257,0.005
2,36.7009071229946,11.2172399125734,56.6303715787138,0.053,0.005
3,56.45548509585,10.9807054276596,101.055065929312,0.002,0.005
