"epoch","obj","obj_mds","obj_confr","p_z","p_0"
0,263.440832017693,185.177663868273,142.296669362582,0.552,0.057
1,352.003223929516,67.0547546662132,518.088125933278,0.291,0.057
2,75.4318445101782,61.5271079463132,25.2813392070274,0.062,0.057
