"epoch","obj","obj_mds","obj_confr","p_z","p_0"
0,28.459647591352,16.4620048805119,19.9960711847336,0.631,0.035
1,46.9667936723827,6.09792696656658,68.114777843027,0.355,0.035
2,21.7801819397045,5.62540482268083,26.9246285283728,0.06,0.035
