"epoch","obj","obj_mds","obj_confr","p_z","p_0"
0,93.9002415317578,33.8622899805828,63.197843738079,0.527,0.003
1,226.32630119473,12.1126658992669,225.48803715312,0.156,0.003
2,131.661520806562,11.3827485348817,126.609233970189,0,0.003
