"epoch","obj","obj_mds","obj_confr","p_z","p_0"
0,289.916600284108,185.177663868273,149.627052022621,0.557,0.06
1,390.24345535965,67.0639061541614,461.685070293555,0.259,0.06
2,315.579163394775,61.5454623694667,362.905287179012,0.028,0.06
