"epoch","obj","obj_mds","obj_confr","p_z","p_0"
0,47.7391162304039,23.2745582690327,48.9291159227424,0.68,0.002
1,49.7768964163407,17.1544490036,65.2448948254813,0.387,0.002
2,40.6662277095793,17.2248815029671,46.8826924132243,0.186,0.002
3,35.2811504780758,18.0024818499286,34.5573372562944,0.046,0.002
4,20.1649829923415,19.989935403715,0.350095177253033,0.008,0.002
5,38.5909344712702,23.4263477007067,30.329173541127,0,0.002
