"epoch","obj","obj_mds","obj_confr","p_z","p_0"
0,268.372500150463,141.889848356061,133.139633467791,0.809,0.043
1,691.419362971855,49.920899453668,675.26154054546,0.529,0.043
2,172.860424220358,46.2720251464365,133.250946393602,0.065,0.043
