"epoch","obj","obj_mds","obj_confr","p_z","p_0"
0,375.574836301704,148.937124377218,283.297139905607,0.581,0.001
1,1028.5086001345,51.3501000780466,1221.44812507057,0.22,0.001
2,119.458828341931,47.7252961687602,89.6669152164628,0.008,0.001
