"epoch","obj","obj_mds","obj_confr","p_z","p_0"
0,305.031848067032,144.113024031064,160.918824035968,0.978,0.042
1,734.196053800906,51.4215375653649,682.774516235541,0.813,0.042
2,594.637326550731,47.0806471054164,547.556679445315,0.389,0.042
3,54.4645649236043,45.340109922881,9.12445500072335,0.031,0.042
