"epoch","obj","obj_mds","obj_confr","p_z","p_0"
0,370.422335182652,148.937124377218,246.094678672704,0.56,0.006
1,993.131525370373,51.3458585143722,1046.42851872889,0.187,0.006
2,290.025172662633,47.7324861439999,269.214096131815,0.005,0.006
