"epoch","obj","obj_mds","obj_confr","p_z","p_0"
0,326.196814323848,148.937124377218,253.228128495185,0.588,0.005
1,798.264403755629,51.3206871887938,1067.06245223834,0.215,0.005
2,136.198045091235,47.7064608390728,126.41654893166,0.013,0.005
3,1459.57398285127,46.5479728761675,2018.60858567872,0,0.005
