"epoch","obj","obj_mds","obj_confr","p_z","p_0"
0,261.792509385219,141.889848356061,141.06195415195,0.83,0.038
1,573.810855057975,49.9205848095302,616.341494409935,0.556,0.038
2,202.159314577372,46.2721525225921,183.396661240917,0.11,0.038
3,1150.70943981465,44.9442445968003,1300.90022966806,0,0.038
