"epoch","obj","obj_mds","obj_confr","p_z","p_0"
0,402.634967262997,148.937124377218,253.697842885778,0.558,0.008
1,895.674795035816,51.3662839654865,844.308511070329,0.183,0.008
2,269.649000972976,47.7404309565526,221.908570016424,0,0.008
