"epoch","obj","obj_mds","obj_confr","p_z","p_0"
0,227.324413483704,141.889848356061,155.335572959351,0.822,0.039
1,515.57070309875,49.9139189686417,846.648698418378,0.617,0.039
2,243.96695239314,46.2885495999304,359.415277805836,0.213,0.039
3,146.430949723814,44.8637883636928,184.667566109312,0.032,0.039
