"epoch","obj","obj_mds","obj_confr","p_z","p_0"
0,298.42985338326,141.889848356061,156.540005027199,0.833,0.037
1,596.013243532091,49.9339981776726,546.079245354419,0.487,0.037
2,136.439596057891,46.265984239589,90.1736118183023,0.054,0.037
