"epoch","obj","obj_mds","obj_confr","p_z","p_0"
0,145.751805175111,77.7445973008063,97.1531541061498,0.983,0.02
1,304.726922247296,26.9776888350019,396.78461916042,0.694,0.02
2,243.403123033267,24.4949548212812,312.725954588552,0.276,0.02
3,29.3870752611007,23.5887463797823,8.2833269733119,0.021,0.02
