"epoch","obj","obj_mds","obj_confr","p_z","p_0"
0,112.547887516825,77.7445973008063,116.010967386728,0.99,0.021
1,172.019568588213,26.9394348402408,483.600445826573,0.692,0.021
2,169.69646301266,24.4863272144497,484.033785994035,0.474,0.021
3,122.41283441088,23.5479674911852,329.549556398983,0.249,0.021
4,80.6395713614098,23.0936469051514,191.819748187528,0.116,0.021
5,25.1802927007378,22.8569552478041,7.74445817644589,0.023,0.021
