"epoch","obj","obj_mds","obj_confr","p_z","p_0"
0,53.6394562518208,34.3655040850734,48.1848804168686,0.903,0.029
1,74.6303836693436,11.8370648907967,156.983296946367,0.529,0.029
2,66.8876949431626,11.0900710321854,139.494059777443,0.214,0.029
3,24.5852554309354,10.8076193807082,34.4440901255682,0.044,0.029
