"epoch","obj","obj_mds","obj_confr","p_z","p_0"
0,35.1940903675869,15.9998415287744,29.529613598173,0.991,0.04
1,62.712013228746,5.71777169824597,87.6834485084616,0.937,0.04
2,72.3568252348266,5.18305467892395,103.344262393696,0.834,0.04
3,54.7082465074494,5.02998663702349,76.4280921083476,0.665,0.04
4,44.5594419320343,4.95705267957467,60.9267526960917,0.385,0.04
5,28.5570807781357,4.98373183270397,36.2666906852795,0.113,0.04
6,40.5355061820606,5.13250032381114,54.4661628588453,0.007,0.04
