"epoch","obj","obj_mds","obj_confr","p_z","p_0"
0,33.8217952205113,15.9998415287744,29.7032561528948,0.988,0.033
1,65.7787954879556,5.70682519806684,100.119950483148,0.929,0.033
2,68.3737559282126,5.18660858919798,105.311912231691,0.856,0.033
3,56.9310574045865,5.01866998814179,86.5206456940745,0.68,0.033
4,46.6522708172726,4.94429988768182,69.5132848826513,0.438,0.033
5,32.1233008709969,4.94854438473413,45.2912608104379,0.187,0.033
6,9.79016575998783,5.03996974733976,7.91699335441346,0.035,0.033
