"epoch","obj","obj_mds","obj_confr","p_z","p_0"
0,67.3755622487026,34.3655040850734,44.013410884839,0.891,0.021
1,142.529622345311,11.8666006277798,174.217362290042,0.446,0.021
2,50.6109021966963,11.1113699758851,52.6660429610815,0.082,0.021
3,211.621833638361,10.9301843364194,267.588865735922,0,0.021
