"epoch","obj","obj_mds","obj_confr","p_z","p_0"
0,43.6006437924295,34.3655040850734,46.1756985367806,0.903,0.036
1,49.2063419615919,11.8217599997971,186.922909808974,0.55,0.036
2,42.6932651790808,11.0929922661358,158.001364564725,0.294,0.036
3,31.0018066243524,10.7983852024707,101.017107109409,0.177,0.036
4,22.5165768411165,10.632118456518,59.4222919229924,0.056,0.036
5,15.026019929621,10.5340708769841,22.4597452631842,0.04,0.036
