"epoch","obj","obj_mds","obj_confr","p_z","p_0"
0,38.4137300324883,34.3655040850734,40.4822594741495,0.897,0.043
1,31.1546765397743,11.8163069850364,193.38369554738,0.553,0.043
2,27.072554065956,11.096763175795,159.75790890161,0.377,0.043
3,25.5850423922406,10.8039364207181,147.811059715225,0.261,0.043
4,23.2496728270126,10.6343043762597,126.153684507529,0.17,0.043
5,19.666464531019,10.5235383049405,91.4292622607845,0.117,0.043
6,18.6904207522025,10.4476970736427,82.4272367855976,0.075,0.043
7,14.5593108330156,10.3850022270817,41.7430860593396,0.06,0.043
8,13.0297310504264,10.3339222384895,26.9580881193698,0.033,0.043
