"epoch","obj","obj_mds","obj_confr","p_z","p_0"
0,41.2146134854095,15.9998415287744,28.0164132851501,0.991,0.043
1,88.3939385588315,5.77153904649048,91.8026661248234,0.922,0.043
2,84.8080696497244,5.2493123247629,88.3986192499572,0.807,0.043
3,74.9129626995645,5.09400041837495,77.5766247568773,0.481,0.043
4,35.5806518757559,5.10787894804238,33.8586365863484,0.108,0.043
5,106.296003372434,5.32699677575768,112.187785107418,0.001,0.043
