"epoch","obj","obj_mds","obj_confr","p_z","p_0"
0,29.5549770291693,15.9998415287744,27.1102710007898,0.987,0.048
1,53.5233258708924,5.67625372172111,95.6941442983426,0.93,0.048
2,50.1788386174948,5.16235470176421,90.0329678314612,0.884,0.048
3,51.4059160923423,4.98217455780727,92.84748306907,0.756,0.048
4,51.0484697573805,4.91062526113936,92.2756889924823,0.579,0.048
5,43.8629610008111,4.89656514919039,77.9327917032415,0.35,0.048
6,23.3279664453142,4.91793455991107,36.8200637708064,0.147,0.048
7,16.5786425997728,4.99606285427951,23.1651594909866,0.031,0.048
