"epoch","obj","obj_mds","obj_confr","p_z","p_0"
0,280.882071803032,187.233363983925,156.081179698512,0.804,0.038
1,598.199264575319,65.7009994478871,887.49710854572,0.956,0.038
2,754.004383772094,61.3297623223964,1154.45770241616,0.935,0.038
3,596.084083031501,59.6725539367059,894.019215157992,0.885,0.038
4,621.089628791725,58.698349807404,937.318798307201,0.813,0.038
5,587.455648672607,57.959114090688,882.494224303198,0.687,0.038
6,496.588288547264,57.3564345415977,732.053090009443,0.441,0.038
7,262.040700019792,56.8754771204451,341.942038165578,0.161,0.038
8,284.799847440028,56.5294966195923,380.450584700725,0.012,0.038
