"epoch","obj","obj_mds","obj_confr","p_z","p_0"
0,40.2486654126583,15.9998415287744,24.2488238838839,0.992,0.035
1,100.149727465476,5.76295258327358,94.3867748822027,0.92,0.035
2,88.6713453341216,5.28257752024867,83.3887678138729,0.744,0.035
3,77.2963319900698,5.12410930389361,72.1722226861762,0.385,0.035
4,7.86985488470269,5.17961285226874,2.69024203243395,0.043,0.035
