"epoch","obj","obj_mds","obj_confr","p_z","p_0"
0,59.1912200714548,34.3655040850734,45.1376654297844,0.888,0.03
1,128.608889513793,11.8474833992005,212.293465662896,0.47,0.03
2,79.359467473548,11.1049920985717,124.09904613632,0.138,0.03
3,65.4359343866534,10.8395328843069,99.2661845497209,0.012,0.03
