"epoch","obj","obj_mds","obj_confr","p_z","p_0"
0,165.656513058003,77.7445973008063,109.889894696496,0.987,0.022
1,349.001660942537,27.0058431803417,402.494772202744,0.667,0.022
2,284.084095931858,24.5014202571951,324.478344593329,0.241,0.022
3,99.8553701344645,23.6143896826553,95.3012255647614,0.009,0.022
