"epoch","obj","obj_mds","obj_confr","p_z","p_0"
0,27.8983761678473,15.9998415287744,26.4411880868285,0.992,0.037
1,47.2829838168127,5.66569158359198,92.4828716293793,0.923,0.037
2,48.7986262501807,5.15220765446691,96.9920413238085,0.888,0.037
3,54.7960268343479,4.97668091547941,110.709657597486,0.777,0.037
4,48.2960944132025,4.90572940044055,96.4230333616932,0.666,0.037
5,47.4808197056499,4.87275244149045,94.6845939203543,0.444,0.037
6,34.2164382274341,4.88058332349562,65.1907886754188,0.259,0.037
7,18.7988721887562,4.91439253005857,30.8543992415503,0.098,0.037
8,20.7406809468984,5.00092720941237,34.9772305277468,0.024,0.037
