"epoch","obj","obj_mds","obj_confr","p_z","p_0"
0,130.755883635513,77.7445973008063,106.022572669412,0.988,0.019
1,228.826359548492,26.9594448040292,403.733829488925,0.704,0.019
2,188.874794920197,24.4877971303683,328.773995579658,0.352,0.019
3,92.7776631921822,23.5575508606059,138.440224663153,0.102,0.019
4,88.4899198034414,23.1565845746923,130.666670457498,0.006,0.019
