"epoch","obj","obj_mds","obj_confr","p_z","p_0"
0,101.278860079365,77.7445973008063,117.671313892792,0.99,0.023
1,123.816383123592,26.9282515074272,484.440658080824,0.703,0.023
2,141.19701883862,24.4851312324183,583.559438031006,0.51,0.023
3,103.365176082707,23.5468682827492,399.091538999789,0.329,0.023
4,79.4292017083621,23.0831514924026,281.730251079797,0.224,0.023
5,67.5022092763838,22.8255374509882,223.383359126978,0.128,0.023
6,56.9261655268439,22.6574593336098,171.34353096617,0.057,0.023
7,26.3828405434212,22.5385768662255,19.2213183859789,0.023,0.023
