"epoch","obj","obj_mds","obj_confr","p_z","p_0"
0,320.327710050291,187.233363983925,140.099311648807,0.797,0.036
1,888.197531019895,65.7280705511493,865.757326809206,0.91,0.036
2,997.007304979596,61.3644683763703,984.887196424448,0.798,0.036
3,792.257727431554,59.7387602389829,771.072597044812,0.528,0.036
4,329.105952844146,58.8515837638298,284.478283242438,0.137,0.036
5,1075.87482934064,58.344553060158,1071.08450134788,0.001,0.036
