"epoch","obj","obj_mds","obj_confr","p_z","p_0"
0,34.7039460332601,15.9998415287744,24.938806005981,0.989,0.037
1,72.5421758414781,5.7143426734233,89.1037775574064,0.899,0.037
2,78.0317154049291,5.20417947104967,97.1033812451726,0.821,0.037
3,70.9096579638405,5.0540501132184,87.8074771341628,0.561,0.037
4,42.7458313262031,5.02135805234527,50.2992976984771,0.253,0.037
5,9.1091628355618,5.09027241924207,5.35852055509296,0.038,0.037
