"epoch","obj","obj_mds","obj_confr","p_z","p_0"
0,75.3607229495022,34.3655040850734,43.1528619625567,0.904,0.031
1,160.786675298656,11.8888904460645,156.734510371149,0.459,0.031
2,18.076777195408,11.1258766739145,7.31673739104586,0.03,0.031
