"epoch","obj","obj_mds","obj_confr","p_z","p_0"
0,153.133509081997,77.7445973008063,100.518549041588,0.984,0.015
1,373.329806062256,26.9876732762365,461.789510381359,0.713,0.015
2,281.867438792711,24.5059099996932,343.148705057357,0.259,0.015
3,40.5816339694079,23.6026792338216,22.638606314115,0.013,0.015
