"epoch","obj","obj_mds","obj_confr","p_z","p_0"
0,58.292623869354,34.3655040850734,47.8542395685613,0.909,0.027
1,98.7308506525042,11.8461371914547,173.769426922099,0.53,0.027
2,78.2134760075759,11.094823630295,134.237304754562,0.144,0.027
3,22.5953772974883,10.8262402424404,23.5382741100958,0.008,0.027
