"epoch","obj","obj_mds","obj_confr","p_z","p_0"
0,83.120520545131,34.3655040850734,48.7550164600576,0.907,0.026
1,174.440086394755,11.9163461154604,162.523740279294,0.432,0.026
2,29.2742105051071,11.1358722601864,18.1383382449207,0.03,0.026
