"epoch","obj","obj_mds","obj_confr","p_z","p_0"
0,76.80913613065,34.3655040850734,47.1595911617519,0.893,0.029
1,159.525627061701,11.8947828223891,164.034271377013,0.463,0.029
2,29.4085604657364,11.1235463272951,20.3166823760459,0.038,0.029
