"epoch","obj","obj_mds","obj_confr","p_z","p_0"
0,35.0400959915108,15.9998415287744,27.2003635181948,0.991,0.041
1,72.2873115160185,5.71677165763874,95.1007712262568,0.923,0.041
2,64.701313405881,5.20240746887233,84.9984370528695,0.825,0.041
3,69.1611785702264,5.02378426167894,91.6248490122107,0.614,0.041
4,52.9365419177572,4.99564541178175,68.4869950085363,0.303,0.041
5,14.4598382400155,5.04416675337926,13.4509592666232,0.071,0.041
