"epoch","obj","obj_mds","obj_confr","p_z","p_0"
0,65.7184334146486,34.3655040850734,44.7898990422504,0.906,0.039
1,132.385467662537,11.8625800740766,172.175553697801,0.466,0.039
2,50.6602051070846,11.1064643354475,56.5053439594815,0.085,0.039
3,156.264213702312,10.8986038849308,207.665156881973,0.001,0.039
