"epoch","obj","obj_mds","obj_confr","p_z","p_0"
0,54.4042766278265,34.3655040850734,44.5306056505626,0.91,0.033
1,99.6379595764012,11.8378453941941,195.111364849349,0.506,0.033
2,54.0704059781022,11.0958249505307,95.4990689501588,0.171,0.033
3,12.7439219389261,10.8125220516584,4.29199974948378,0.027,0.033
