"epoch","obj","obj_mds","obj_confr","p_z","p_0"
0,42.2409822470272,34.3655040850734,52.5031877463588,0.917,0.025
1,36.4807888267872,11.8206260864965,164.401084935271,0.552,0.025
2,31.1887524179274,11.0941179387858,133.964229860944,0.327,0.025
3,32.6623102074021,10.800112229357,145.7479865203,0.201,0.025
4,24.4923182330279,10.6313925043349,92.4061715246196,0.122,0.025
5,16.9235874288636,10.5248465701096,42.6582723916932,0.055,0.025
6,10.5395971948879,10.4558763522587,0.558138950861187,0.037,0.025
