"epoch","obj","obj_mds","obj_confr","p_z","p_0"
0,119.215133354849,77.7445973008063,103.676340135106,0.989,0.02
1,219.172085820839,26.9462571324657,480.564571720934,0.684,0.02
2,161.020333957121,24.4888110313722,341.328807314373,0.413,0.02
3,136.521717133819,23.5499018805685,282.429538133126,0.161,0.02
4,80.9993964132815,23.1167090631824,144.706718375248,0.036,0.02
