"epoch","obj","obj_mds","obj_confr","p_z","p_0"
0,48.5912871830423,34.3655040850734,47.4192769932297,0.9,0.038
1,64.7742634021296,11.8285670351733,176.485654556521,0.515,0.038
2,43.5776227986663,11.0912107778221,108.288040069481,0.254,0.038
3,34.0420748905609,10.7975980811365,77.4815893647481,0.097,0.038
4,20.6161813379005,10.648254152831,33.2264239502317,0.02,0.038
