"epoch","obj","obj_mds","obj_confr","p_z","p_0"
0,338.886940583116,187.233363983925,168.503973999101,0.837,0.043
1,944.674475401004,65.7335505362777,976.601027627474,0.91,0.043
2,835.59063156826,61.3620892465662,860.253935912993,0.842,0.043
3,813.072230001631,59.7228286821031,837.054890355031,0.592,0.043
4,399.376319908407,58.8183155257596,378.397782647387,0.186,0.043
5,430.080517819851,58.2388098199781,413.157453333192,0.011,0.043
