"epoch","obj","obj_mds","obj_confr","p_z","p_0"
0,62.5887422358781,34.3655040850734,47.0387302513412,0.907,0.042
1,114.696001203806,11.8555302319397,171.400784953111,0.479,0.042
2,66.5841611285144,11.0994051477452,92.4745933012819,0.111,0.042
3,84.2806805500152,10.8534875680631,122.37865496992,0.006,0.042
