"epoch","obj","obj_mds","obj_confr","p_z","p_0"
0,66.1631026660234,34.3655040850734,48.9193824322309,0.897,0.03
1,123.07490105143,11.8647643908731,171.092517939318,0.49,0.03
2,79.9567571879964,11.1026353417382,105.929418225013,0.072,0.03
3,135.192604244553,10.8763602151097,191.255760045297,0.001,0.03
