"epoch","obj","obj_mds","obj_confr","p_z","p_0"
0,37.8958880263963,15.9998415287744,27.3700581220273,0.99,0.039
1,72.8645499819347,5.74096589819877,83.9044801046699,0.94,0.039
2,76.9116448541748,5.208261049666,89.629229755636,0.809,0.039
3,68.0562550921118,5.05869398415882,78.7469513849412,0.569,0.039
4,45.0155974649093,5.03908311657259,49.9706429354209,0.192,0.039
5,34.4832390959695,5.15583353479554,36.6592569514674,0.01,0.039
