"epoch","obj","obj_mds","obj_confr","p_z","p_0"
0,0.478349520384128,0.447492883125161,0.0324806707989127,0.494,0.093
1,0.427094848044223,0.267220127645931,0.168289179366623,0.134,0.093
