"epoch","obj","obj_mds","obj_confr","p_z","p_0"
0,0.477909386597296,0.447492883125161,0.0304165034721352,0.497,0.089
1,0.430341161358381,0.271123866547625,0.159217294810756,0.122,0.089
