"epoch","obj","obj_mds","obj_confr","p_z","p_0"
0,0.474895937157647,0.447492883125161,0.0322388870970431,0.502,0.103
1,0.364277849527538,0.265093891910295,0.116687008961463,0.17,0.103
