"epoch","obj","obj_mds","obj_confr","p_z","p_0"
0,0.477859655509857,0.447492883125161,0.0337408582052182,0.489,0.08
1,0.374727486190809,0.26636100369763,0.120407202770199,0.15,0.08
