"epoch","obj","obj_mds","obj_confr","p_z","p_0"
0,53.1900115109546,26.0173997140318,49.4047487216779,0.333,0.001
1,33.9997094684114,19.0223412629485,27.231578555387,0.079,0.001
2,23.548876078601,20.2174911519985,6.05706350291376,0.004,0.001
