"epoch","obj","obj_mds","obj_confr","p_z","p_0"
0,64.1001782319686,26.0173997140318,40.0871352820388,0.339,0.002
1,29.9457626533987,20.7299340911459,9.70087217079244,0.021,0.002
2,110.663734074829,29.3839188850956,85.5577001997198,0,0.002
