"epoch","obj","obj_mds","obj_confr","p_z","p_0"
0,57.7794479521317,26.0173997140318,39.7025602976249,0.305,0.004
1,35.2580377851578,19.9418428008032,19.1452437304432,0.035,0.004
2,57.4615204203546,25.0843959918138,40.471405535676,0,0.004
