"epoch","obj","obj_mds","obj_confr","p_z","p_0"
0,38.9862192957088,26.0173997140318,37.0537702333628,0.31,0.002
1,39.9255596214729,18.2041764866223,62.0610946710017,0.146,0.002
2,29.7292903517068,18.156449712055,33.0652589704336,0.039,0.002
3,24.5059425912202,18.8194536989127,16.2471111208786,0.012,0.002
4,21.0496018705779,20.1755588964656,2.49726564032108,0.001,0.002
