"epoch","obj","obj_mds","obj_confr","p_z","p_0"
0,43.7624585664255,26.0173997140318,44.3626471309844,0.293,0.007
1,47.5636110467173,18.4023345394318,72.9031912682139,0.121,0.007
2,28.2813307247252,18.7765108780092,23.7620496167901,0.047,0.007
3,22.2870838658735,19.8502563149856,6.09206887721995,0.003,0.007
