"epoch","obj","obj_mds","obj_confr","p_z","p_0"
0,64.6025315777532,26.0173997140318,45.3942727808488,0.308,0.007
1,53.7891281693482,20.3820574092646,39.3024361883337,0.024,0.007
2,54.4412979226654,26.8059192315509,32.5122102248406,0,0.007
