"epoch","obj","obj_mds","obj_confr","p_z","p_0"
0,56.2954838318711,33.4219065267036,28.5919716314594,0.689,0.088
1,90.5500874055811,12.1458625181677,98.0052811092667,0.484,0.088
2,40.9498738134565,11.2781847435027,37.0896113374423,0.123,0.088
