"epoch","obj","obj_mds","obj_confr","p_z","p_0"
0,147.392867846948,70.2279422925619,90.7822653581014,0.753,0.025
1,372.461390072006,25.4699378764805,408.225237877089,0.925,0.025
2,395.133026123596,23.5367413870645,437.172099690037,0.893,0.025
3,339.280481839988,22.7881392040106,372.343932512915,0.758,0.025
4,307.795373876701,22.4198692483087,335.735887798109,0.463,0.025
5,171.802836801438,22.2504644112576,175.943967517859,0.079,0.025
6,390.904479423226,22.3224975468338,433.62586103105,0,0.025
