"epoch","obj","obj_mds","obj_confr","p_z","p_0"
0,330.909293214028,179.32366315475,202.114173412371,0.798,0.027
1,818.596840253558,64.8027462437463,1005.05879201308,0.61,0.027
2,534.623402416578,59.4478307271022,633.5674289193,0.226,0.027
3,220.373002912133,57.2857153000014,217.449716816175,0.018,0.027
