"epoch","obj","obj_mds","obj_confr","p_z","p_0"
0,374.937031103977,179.32366315475,205.908808367607,0.775,0.037
1,959.575753353099,64.8233400876271,941.844645542602,0.572,0.037
2,548.225614441581,59.4705940441786,514.478968839371,0.149,0.037
3,1236.79775878934,57.4037688830893,1241.46735779605,0,0.037
