"epoch","obj","obj_mds","obj_confr","p_z","p_0"
0,24.7985043581185,11.486892801325,26.623223113587,0.699,0.044
1,50.6781701887628,5.12958642535466,91.0971675268163,0.686,0.044
2,40.5307815773175,4.80383799127958,71.4538871720759,0.512,0.044
3,36.2788689977847,4.62338101181504,63.3109759719393,0.314,0.044
4,27.3923801387503,4.55971613296132,45.6653280115781,0.133,0.044
5,6.95298183405459,4.58067168128781,4.74462030553355,0.039,0.044
