"epoch","obj","obj_mds","obj_confr","p_z","p_0"
0,32.5637057411117,11.486892801325,28.1024172530489,0.687,0.038
1,71.5184918843025,5.19405004434542,88.4325891199427,0.608,0.038
2,49.4688836537985,4.92709523958346,59.3890512189534,0.296,0.038
3,11.0917131974043,4.85126026361451,8.32060391171979,0.05,0.038
