"epoch","obj","obj_mds","obj_confr","p_z","p_0"
0,153.118149262243,70.2279422925619,92.1002299663118,0.749,0.02
1,414.136700342212,25.480716759054,431.839981759064,0.923,0.02
2,411.587493664274,23.5487332144833,431.154178277545,0.865,0.02
3,389.57772320097,22.7986355854622,407.532319572786,0.719,0.02
4,319.465243409187,22.4467374918706,330.020562130352,0.33,0.02
5,24.3101770653016,22.3148013937105,2.21708407954567,0.031,0.02
