"epoch","obj","obj_mds","obj_confr","p_z","p_0"
0,23.9404865363633,11.486892801325,27.6746527445295,0.713,0.041
1,41.3287330426799,5.12131806673409,80.4609221687684,0.683,0.041
2,39.8200504899303,4.77770376939386,77.8718816011921,0.575,0.041
3,37.2755309985453,4.59211884519375,72.6298047852257,0.374,0.041
4,26.6726342483209,4.50901205817659,49.2524937558763,0.206,0.041
5,10.5969755825278,4.49547270648655,13.5588952800916,0.082,0.041
6,9.30010698530779,4.54029071516693,10.5773694892019,0.018,0.041
