"epoch","obj","obj_mds","obj_confr","p_z","p_0"
0,247.196876062089,179.32366315475,193.92346544954,0.801,0.029
1,338.721941262932,64.7672770437368,782.727612054843,0.66,0.029
2,370.24408635948,59.4109202261241,888.094760381018,0.505,0.029
3,320.012340225428,57.1781586715741,750.954804439581,0.3,0.029
4,221.723866676327,56.0398245731025,473.382977437785,0.116,0.029
5,112.023558194193,55.3900902252419,161.809908482718,0.035,0.029
