"epoch","obj","obj_mds","obj_confr","p_z","p_0"
0,43.5300357129243,33.4219065267036,28.8803691034878,0.679,0.077
1,52.6286097712903,12.0938156488122,115.813697492795,0.568,0.077
2,41.7118765891253,11.1973848907557,87.1842619953417,0.386,0.077
3,36.5020527537107,10.8828198961974,73.1978081643237,0.242,0.077
4,11.355798227228,10.7211400048974,1.81330920665896,0.075,0.077
