"epoch","obj","obj_mds","obj_confr","p_z","p_0"
0,38.3360957609792,11.486892801325,29.8324477329492,0.716,0.04
1,72.0953043810056,5.24706360218196,74.2758230875818,0.544,0.04
2,40.5644194794383,4.99445421830599,39.5221836234803,0.177,0.04
3,37.926871757802,5.01632062267467,36.5672790390304,0.007,0.04
