"epoch","obj","obj_mds","obj_confr","p_z","p_0"
0,292.641154266023,179.32366315475,188.862485185454,0.788,0.026
1,619.379349936366,64.7864553290401,924.321491012209,0.614,0.026
2,545.582394844467,59.4312133873861,810.251969095134,0.339,0.026
3,254.630207230126,57.2312355845995,328.998286075877,0.065,0.026
4,558.990856363988,56.2165268448977,837.95721586515,0.003,0.026
