"epoch","obj","obj_mds","obj_confr","p_z","p_0"
0,21.7947711867701,11.486892801325,25.7696959636127,0.715,0.036
1,33.944096999941,5.10839382490152,72.0892579375986,0.699,0.036
2,37.6847760793533,4.75660810591778,82.3204199335889,0.607,0.036
3,34.3986439381953,4.56418765145918,74.5861407168402,0.441,0.036
4,31.9311825971826,4.46342273908437,68.6693996452456,0.296,0.036
5,24.137065481765,4.435072378348,49.2549827585425,0.155,0.036
6,9.30861996473686,4.4442526505807,12.1609182853904,0.053,0.036
