"epoch","obj","obj_mds","obj_confr","p_z","p_0"
0,369.258106939727,179.32366315475,223.452286805855,0.765,0.024
1,864.076999747914,64.8192030248147,940.30329026247,0.602,0.024
2,548.86774058024,59.4576677776243,575.776556238371,0.189,0.024
3,578.150551148396,57.3374111078423,612.72134122418,0.004,0.024
