"epoch","obj","obj_mds","obj_confr","p_z","p_0"
0,125.34293977327,70.2279422925619,78.7357106867261,0.768,0.02
1,332.678082417064,25.4338968296208,438.920265124919,0.955,0.02
2,341.429828414232,23.5190107526889,454.158310945061,0.925,0.02
3,308.975916299918,22.7623401258287,408.876537391556,0.866,0.02
4,275.862242628135,22.3775558068662,362.120981173241,0.731,0.02
5,292.563657547081,22.1451060204772,386.312216466577,0.465,0.02
6,179.043979018026,22.0247140927613,224.313235607521,0.153,0.02
7,116.184711763237,22.0390043529804,134.493867728938,0.004,0.02
