"epoch","obj","obj_mds","obj_confr","p_z","p_0"
0,45.8410801619942,33.4219065267036,27.5981636339792,0.686,0.078
1,64.6306030889568,12.1030020605671,116.72800228531,0.532,0.078
2,50.3688560875568,11.211480230357,87.0163907937774,0.328,0.078
3,24.6564159572769,10.9130218754955,30.540875737292,0.112,0.078
