"epoch","obj","obj_mds","obj_confr","p_z","p_0"
0,29.1838806751211,11.486892801325,29.4949797896602,0.669,0.035
1,53.1860170268289,5.16029837924716,80.0428644126362,0.623,0.035
2,42.2735301906116,4.83910235238213,62.3907130637158,0.415,0.035
3,32.9910633260786,4.69938712608498,47.152793666656,0.187,0.035
4,13.5171139089877,4.69332090061995,14.7063216806128,0.043,0.035
