"epoch","obj","obj_mds","obj_confr","p_z","p_0"
0,62.669097739347,33.4219065267036,29.2471912126435,0.671,0.083
1,100.080889862043,12.1755513887884,87.9053384732541,0.447,0.083
2,31.0930377470258,11.3304152184196,19.7626225286062,0.051,0.083
