"epoch","obj","obj_mds","obj_confr","p_z","p_0"
0,60.0552630064005,33.4219065267036,29.5926183107743,0.679,0.09
1,110.242230650486,12.1620083346076,108.978024795421,0.464,0.09
2,18.6835322296891,11.3078213874506,8.19523426915379,0.091,0.09
