"epoch","obj","obj_mds","obj_confr","p_z","p_0"
0,259.177638965554,179.32366315475,177.453279579564,0.8,0.035
1,464.416216611171,64.7727703146104,888.096547325691,0.648,0.035
2,422.883149533512,59.4185440802341,807.699123229507,0.413,0.035
3,288.962518315886,57.19431944145,515.040441943191,0.185,0.035
4,108.40299155242,56.0881830022744,116.255130111435,0.04,0.035
