"epoch","obj","obj_mds","obj_confr","p_z","p_0"
0,136.887216772409,70.2279422925619,83.3240930998094,0.776,0.028
1,373.265626316467,25.4533902725845,434.765295054853,0.945,0.028
2,365.802403066611,23.5329372688397,427.836832247214,0.903,0.028
3,343.347412511639,22.7768566281482,400.713194854363,0.793,0.028
4,320.677856526461,22.4043040470612,372.84194059925,0.567,0.028
5,219.091448511631,22.2066530181917,246.105994366799,0.173,0.028
6,155.963274419794,22.1804964253359,167.228472493073,0.009,0.028
