"epoch","obj","obj_mds","obj_confr","p_z","p_0"
0,221.824138224883,179.32366315475,170.001900280532,0.793,0.024
1,305.14889491722,64.7579527241699,961.5637687722,0.686,0.024
2,310.49547609432,59.4061032341465,1004.3574914407,0.549,0.024
3,265.426292224948,57.1661284485678,833.040655105521,0.441,0.024
4,272.273967084492,56.0092507555842,865.058865315631,0.289,0.024
5,191.203080667481,55.3200480583183,543.53213043665,0.176,0.024
6,135.912452501249,54.8486606768996,324.255167297396,0.098,0.024
7,69.7599055281309,54.4993258602524,61.0423186715137,0.045,0.024
8,95.0651976195867,54.2258882880376,163.357237326197,0.011,0.024
