"epoch","obj","obj_mds","obj_confr","p_z","p_0"
0,49.241202522403,33.4219065267036,31.6385919913989,0.66,0.086
1,70.8941277071087,12.1128074368431,117.562640540531,0.536,0.086
2,47.3358323144798,11.2196174355805,72.2324297577986,0.283,0.086
3,12.6788337466424,10.9295097892741,3.49864791473656,0.083,0.086
